1956967341,Worry,-19.77,-19.23,-20.52,-18.83,-18.54,-18.85,-20.45,-19.89,-19.97,-19.82,-21.37,-19.24,-21.62
1956967666,Worry,-12.79,-11.63,-13.43,-11.83,-11.50,-12.61,-12.63,-13.06,-12.56,-12.72,-14.18,-12.58,-14.60
1956967696,Sadness,-12.28,-11.36,-12.33,-12.54,-12.18,-12.94,-13.14,-12.54,-11.88,-12.85,-11.95,-12.44,-11.89
1956967789,Neutral,-13.33,-11.12,-11.64,-10.79,-10.96,-12.20,-11.20,-11.78,-12.01,-11.25,-14.07,-12.35,-14.00
1956968416,Neutral,-16.48,-14.94,-16.07,-14.73,-14.87,-15.32,-15.96,-15.40,-15.07,-15.55,-17.36,-15.57,-18.44
1956968477,Worry,-16.07,-14.14,-16.00,-14.33,-14.25,-15.52,-14.37,-14.54,-15.00,-14.05,-16.44,-15.26,-17.48
1956968487,Sadness,-29.19,-26.20,-29.25,-26.52,-26.51,-27.59,-27.02,-27.20,-27.72,-27.59,-30.78,-28.34,-32.46
1956968636,No Words Found,
1956969035,Love,-6.23,-4.29,-5.71,-5.10,-4.70,-5.08,-3.88,-5.18,-5.91,-4.88,-6.36,-5.43,-7.15
1956969172,Worry,-6.93,-5.38,-7.04,-6.02,-5.35,-6.07,-6.52,-6.78,-6.36,-6.39,-7.36,-5.94,-7.02
1956969456,Worry,-10.08,-9.30,-10.59,-9.68,-9.21,-9.82,-10.67,-10.72,-10.00,-10.35,-10.95,-11.66,-11.59
1956969531,Neutral,-7.89,-9.18,-7.92,-8.59,-8.94,-8.33,-8.96,-8.56,-8.14,-9.17,-7.97,-8.49,-7.93
1956970047,Sadness,-23.50,-21.03,-23.57,-21.91,-21.44,-22.25,-23.30,-23.38,-21.27,-23.57,-24.96,-23.57,-25.93
1956970424,Neutral,-16.79,-14.42,-15.99,-13.84,-14.43,-15.26,-14.54,-15.23,-15.62,-14.36,-17.93,-15.53,-18.56
1956970860,Worry,-6.67,-5.44,-6.37,-5.56,-5.35,-5.71,-6.07,-6.36,-6.07,-5.58,-7.12,-5.60,-7.15
1956971077,Worry,-11.10,-11.00,-11.12,-11.75,-10.94,-11.17,-11.58,-11.64,-10.77,-11.40,-11.65,-11.06,-11.89
1956971170,Neutral,-4.09,-3.51,-3.63,-3.22,-3.62,-3.62,-3.44,-3.50,-3.52,-3.51,-3.68,-3.34,-3.96
1956971206,Sadness,-14.21,-12.02,-14.15,-12.75,-12.26,-13.27,-14.01,-13.40,-13.23,-13.44,-14.45,-13.48,-15.55
1956971473,Love,-25.02,-24.34,-24.48,-23.64,-24.13,-23.12,-23.22,-24.74,-25.15,-23.66,-26.26,-25.49,-26.49
1956971586,Sadness,-33.25,-29.41,-33.82,-31.00,-29.75,-31.30,-31.59,-31.79,-30.84,-32.03,-35.59,-33.20,-36.00
1956971981,Worry,-24.75,-21.46,-24.79,-21.90,-20.42,-23.50,-23.02,-23.42,-23.47,-22.51,-27.54,-22.86,-29.16
1956972097,Worry,-38.68,-36.18,-37.63,-36.91,-36.05,-35.81,-37.03,-36.55,-37.07,-36.98,-40.11,-38.21,-42.10
1956972116,Neutral,-26.87,-27.80,-27.46,-25.96,-27.36,-27.13,-28.06,-26.48,-26.73,-27.41,-27.18,-27.26,-27.45
1956972270,Worry,-22.80,-20.73,-21.86,-20.15,-19.87,-20.95,-21.19,-21.35,-21.89,-20.93,-25.18,-22.49,-25.24
1956972359,Worry,-31.18,-29.15,-30.92,-28.83,-27.99,-30.06,-30.78,-29.40,-31.20,-29.29,-33.97,-30.02,-35.34
1956972444,Worry,-52.75,-48.39,-53.60,-48.52,-48.09,-50.43,-51.10,-50.23,-49.46,-50.46,-53.74,-50.87,-55.87
1956972557,Worry,-27.15,-24.72,-26.98,-25.85,-24.88,-25.54,-26.29,-26.48,-26.12,-26.39,-29.27,-25.99,-28.03
1956972884,Worry,-16.09,-15.31,-16.62,-15.30,-14.82,-15.90,-16.66,-16.54,-16.02,-16.67,-17.19,-16.53,-19.12
1956973598,Sadness,-29.57,-26.68,-31.76,-28.14,-27.58,-28.68,-29.85,-30.05,-26.72,-30.19,-31.01,-28.61,-34.12
1956973690,Worry,-7.41,-6.85,-7.74,-7.32,-6.39,-7.18,-7.68,-7.31,-6.07,-8.09,-7.49,-7.42,-7.63
1956974706,Worry,-20.24,-19.52,-20.61,-19.37,-18.97,-20.22,-21.01,-20.36,-19.05,-20.60,-21.82,-21.06,-22.70
1956975441,Worry,-5.90,-5.37,-6.18,-5.43,-5.20,-5.92,-6.06,-6.06,-5.84,-5.82,-6.49,-6.52,-7.63
1956975860,Sadness,-7.23,-5.19,-6.94,-6.04,-5.87,-6.38,-6.59,-6.67,-6.51,-6.58,-6.59,-6.36,-7.63
1956975876,Worry,-16.13,-14.27,-15.19,-14.77,-14.40,-15.77,-14.93,-15.55,-14.87,-15.51,-16.86,-15.81,-17.26
1956975927,Neutral,-10.74,-9.89,-9.96,-9.53,-9.89,-9.98,-10.48,-9.93,-10.42,-9.41,-11.65,-9.83,-11.41
1956976187,Worry,-6.81,-6.22,-6.96,-6.59,-6.20,-6.62,-7.02,-6.72,-6.36,-6.55,-7.06,-6.45,-7.63
1956976312,Worry,-35.01,-31.89,-35.12,-32.33,-31.82,-32.91,-32.95,-32.82,-33.74,-32.19,-37.02,-33.24,-37.73
1956976371,Worry,-5.66,-5.15,-5.74,-4.90,-4.87,-5.29,-5.47,-5.39,-5.48,-5.47,-6.59,-5.57,-6.45
1956976557,Neutral,-6.05,-5.46,-6.22,-5.33,-5.71,-6.03,-5.97,-6.03,-6.13,-5.83,-6.69,-6.00,-6.97
1956976681,Sadness,-10.00,-8.25,-10.61,-9.67,-8.64,-9.16,-9.23,-10.08,-9.59,-9.80,-11.05,-9.69,-11.59
1956977084,Worry,-24.48,-21.73,-24.17,-21.69,-21.21,-22.59,-21.99,-22.75,-24.99,-21.50,-27.33,-21.95,-29.66
1956977187,Neutral,-30.12,-26.75,-29.03,-25.48,-26.25,-26.67,-25.88,-25.97,-28.16,-25.97,-33.26,-27.37,-34.12
1956977618,Worry,-19.21,-18.52,-19.34,-18.45,-18.23,-18.81,-19.34,-19.01,-19.32,-19.18,-19.91,-19.16,-19.52
1956977624,Worry,-28.17,-24.34,-28.75,-25.02,-23.75,-26.45,-26.65,-26.97,-27.30,-25.68,-30.58,-26.91,-32.72
1956978276,Worry,-34.83,-35.43,-37.44,-35.39,-34.54,-35.35,-38.10,-36.43,-34.88,-36.81,-37.55,-36.16,-37.56
1956978410,Worry,-29.31,-24.85,-28.38,-24.82,-24.18,-27.03,-26.09,-26.07,-28.24,-25.20,-33.64,-25.39,-34.27
1956978668,Neutral,-31.81,-28.63,-31.45,-28.02,-28.19,-30.37,-29.52,-29.54,-31.12,-28.77,-36.22,-29.05,-36.70
1956979150,Worry,-18.74,-17.26,-18.83,-17.24,-16.85,-17.94,-18.04,-17.79,-18.27,-17.62,-21.80,-18.70,-23.00
1956979437,Worry,-23.40,-22.37,-24.18,-22.61,-22.19,-22.58,-23.58,-23.56,-22.39,-23.14,-24.38,-23.62,-26.06
1956979756,Neutral,-6.81,-6.53,-7.14,-6.42,-6.64,-6.68,-6.59,-6.83,-6.80,-6.49,-7.12,-6.34,-7.45
1956979894,Neutral,-25.84,-23.95,-24.86,-23.27,-24.31,-24.68,-24.40,-25.06,-25.35,-23.45,-25.77,-24.43,-27.14
1956979900,Sadness,-3.01,-2.59,-3.33,-2.98,-2.83,-3.08,-3.48,-3.05,-2.90,-3.11,-2.90,-3.04,-3.96
1956979917,Worry,-7.11,-7.65,-6.56,-7.37,-7.17,-7.18,-7.18,-7.16,-7.36,-7.31,-7.49,-7.29,-7.63
1956980788,Worry,-28.22,-25.78,-28.98,-25.51,-25.38,-26.73,-25.57,-27.11,-28.36,-25.96,-31.48,-26.26,-32.55
1956980883,Worry,-12.59,-11.33,-13.91,-12.21,-11.51,-12.17,-13.03,-12.52,-11.10,-13.29,-13.43,-13.70,-14.78
1956980972,Sadness,-25.28,-20.67,-25.60,-23.27,-21.24,-23.29,-23.67,-25.13,-23.47,-24.11,-27.63,-23.67,-28.66
1956981427,Worry,-36.14,-34.78,-36.25,-34.92,-34.67,-35.54,-36.67,-35.90,-36.65,-35.03,-39.74,-34.82,-40.05
1956981850,Neutral,-41.66,-41.93,-41.44,-40.08,-41.17,-41.91,-43.86,-42.80,-42.58,-43.02,-43.21,-41.31,-42.52
1956982075,Neutral,-6.67,-6.78,-6.67,-6.58,-6.91,-6.61,-6.85,-6.67,-6.67,-6.75,-7.12,-6.56,-7.15
1956982383,Sadness,-21.60,-19.73,-21.64,-21.11,-20.23,-20.91,-21.72,-21.70,-21.17,-21.70,-22.55,-21.23,-23.78
1956982449,Worry,-12.70,-10.54,-12.18,-11.84,-10.05,-11.61,-13.07,-13.48,-11.73,-12.08,-13.74,-12.64,-14.51
1956982576,Sadness,-18.26,-15.85,-17.70,-17.50,-16.72,-16.96,-17.67,-17.56,-18.47,-17.56,-19.31,-17.93,-19.82
1956982605,Sadness,-33.70,-31.14,-32.03,-31.96,-31.71,-32.25,-32.41,-32.39,-33.59,-31.52,-36.17,-32.92,-36.91
1956983160,Sadness,-7.49,-7.34,-7.92,-8.22,-7.71,-8.33,-8.26,-8.26,-7.14,-8.39,-7.97,-7.49,-7.45
1956983171,Sadness,-24.46,-21.60,-24.61,-23.37,-22.57,-22.65,-23.42,-23.75,-23.68,-23.55,-25.56,-23.20,-26.19
1956983467,Worry,-9.61,-7.99,-9.46,-8.21,-8.14,-9.16,-8.48,-8.61,-9.01,-8.31,-9.90,-8.51,-10.99
1956983509,Happiness,-20.27,-18.92,-19.59,-18.71,-18.65,-19.99,-17.70,-19.05,-20.75,-17.83,-20.87,-19.10,-22.58
1956983690,Worry,-21.66,-20.67,-22.97,-21.24,-20.55,-21.17,-22.01,-22.46,-21.89,-21.71,-23.12,-22.15,-23.31
1956983851,Worry,-37.25,-33.95,-36.54,-34.45,-32.15,-35.19,-35.70,-35.76,-34.07,-35.52,-37.55,-35.57,-38.34
1956983874,Happiness,-40.09,-34.47,-37.83,-34.97,-34.19,-35.02,-33.82,-35.81,-38.31,-33.57,-42.46,-36.41,-43.98
1956983931,Neutral,-10.68,-10.03,-10.12,-9.97,-10.45,-10.21,-10.34,-10.76,-10.30,-10.48,-10.95,-11.36,-11.29
1956984185,Worry,-29.87,-29.61,-29.25,-30.34,-28.56,-28.22,-29.53,-29.47,-30.08,-29.40,-30.78,-29.50,-31.71
1956984205,Neutral,-32.28,-31.87,-31.99,-30.16,-31.38,-32.12,-30.38,-30.97,-31.75,-31.01,-33.03,-31.43,-34.59
1956984559,Sadness,-5.98,-4.55,-5.73,-5.06,-4.89,-5.31,-4.96,-5.56,-5.93,-5.40,-6.76,-5.79,-7.33
1956984864,Worry,-45.87,-43.83,-47.66,-44.14,-42.82,-43.81,-46.34,-46.50,-44.01,-44.83,-49.38,-44.71,-49.12
1956984894,Sadness,-3.14,-1.88,-2.83,-2.59,-2.21,-2.67,-2.41,-2.69,-2.99,-2.70,-3.08,-2.89,-3.66
1956985129,Worry,-3.79,-3.99,-4.11,-3.84,-3.82,-4.01,-4.18,-3.80,-4.22,-4.28,-3.98,-3.95,-3.96
1956985535,Happiness,-25.24,-22.74,-25.00,-23.12,-22.97,-23.05,-22.75,-23.77,-24.18,-21.61,-25.65,-23.84,-25.76
1956985612,Sadness,-14.25,-12.19,-13.99,-14.18,-12.54,-13.13,-13.53,-14.15,-13.61,-13.84,-15.09,-13.19,-15.08
1956985758,Neutral,-37.75,-37.17,-37.76,-34.87,-35.91,-35.99,-37.24,-37.64,-37.99,-36.63,-40.95,-36.51,-41.22
1956985764,Love,-2.49,-1.98,-2.42,-2.07,-2.06,-2.17,-1.61,-2.21,-2.41,-1.78,-3.08,-2.04,-3.12
1956985973,Sadness,-18.84,-17.50,-18.88,-18.09,-17.85,-18.71,-18.89,-18.47,-18.99,-18.39,-19.61,-18.43,-19.34
1956986211,Worry,-26.44,-21.16,-24.26,-22.24,-21.16,-22.12,-23.40,-23.63,-24.48,-22.37,-28.00,-23.64,-28.98
1956986359,Worry,-29.74,-27.98,-28.68,-28.71,-27.75,-29.02,-28.88,-29.27,-28.04,-28.26,-31.26,-28.41,-30.15
1956986767,Worry,-6.58,-6.30,-6.99,-6.72,-6.11,-6.12,-5.95,-6.77,-6.44,-6.16,-7.27,-6.19,-7.15
1956987381,Worry,-29.83,-28.98,-29.28,-28.40,-27.94,-29.18,-29.60,-29.67,-30.25,-28.83,-31.94,-28.57,-33.52
1956987600,Worry,-46.37,-45.36,-47.49,-45.47,-44.71,-45.50,-47.25,-46.74,-44.36,-47.58,-47.25,-47.87,-49.55
1956987828,Worry,-24.25,-20.82,-23.44,-21.41,-20.92,-22.11,-21.66,-22.37,-23.37,-21.65,-27.80,-23.77,-28.90
1956987904,Worry,-21.70,-18.94,-21.21,-19.29,-18.42,-20.17,-19.99,-19.62,-21.06,-19.34,-23.27,-20.70,-25.49
1956987950,Worry,-34.11,-30.93,-34.51,-31.27,-30.83,-32.46,-32.51,-32.42,-33.49,-31.33,-37.05,-33.39,-40.14
1956988145,Love,-6.42,-6.49,-6.30,-6.25,-6.35,-6.49,-5.89,-6.36,-6.43,-6.59,-6.69,-6.43,-6.85
1956988218,Worry,-39.37,-36.99,-38.43,-38.20,-36.91,-39.17,-40.68,-39.20,-36.57,-40.27,-40.06,-38.56,-40.88
1956988223,Neutral,-24.57,-22.06,-25.15,-22.21,-22.29,-22.94,-23.76,-23.64,-23.72,-22.97,-25.50,-23.35,-26.84
1956988477,Neutral,-13.66,-11.79,-13.39,-11.44,-11.60,-12.96,-12.80,-12.88,-13.32,-12.12,-15.37,-12.15,-15.93
1956989093,Love,-22.94,-21.98,-23.03,-22.10,-21.80,-22.36,-21.04,-22.30,-22.53,-22.62,-23.60,-22.22,-23.00
1956989514,Worry,-10.08,-9.30,-10.59,-9.68,-9.21,-9.82,-10.67,-10.72,-10.00,-10.35,-10.95,-11.66,-11.59
1956989526,Sadness,-15.35,-12.76,-14.07,-13.21,-13.17,-14.52,-14.55,-14.33,-14.18,-13.97,-16.89,-14.36,-17.35
1956989560,Sadness,-16.64,-12.90,-15.94,-14.62,-13.35,-14.87,-14.79,-15.45,-15.66,-14.92,-17.84,-15.27,-18.34
1956989561,No Words Found,
1956989601,Sadness,-26.68,-22.85,-26.69,-23.81,-23.26,-24.32,-25.20,-25.04,-23.41,-25.64,-28.68,-25.74,-29.20
1956989914,Worry,-39.04,-36.00,-39.58,-36.55,-35.22,-37.42,-37.98,-37.66,-36.87,-37.85,-41.13,-38.05,-41.92
1956990288,Worry,-7.58,-6.84,-7.22,-7.15,-6.84,-7.07,-7.28,-7.86,-6.82,-7.35,-7.97,-7.05,-7.45
1956990413,Worry,-9.29,-7.99,-9.36,-8.04,-7.87,-7.86,-8.22,-8.50,-8.74,-7.92,-10.20,-8.47,-10.81
1956990568,Sadness,-30.32,-26.38,-30.25,-27.26,-26.67,-27.88,-28.81,-28.98,-28.77,-29.31,-32.40,-28.94,-32.44
1956990729,Worry,-15.80,-13.47,-15.41,-13.53,-12.99,-13.89,-14.09,-14.63,-14.86,-13.74,-17.22,-14.32,-18.31
1956991009,Sadness,-6.30,-5.31,-7.14,-6.35,-5.65,-5.87,-6.51,-6.52,-4.76,-7.15,-6.36,-7.17,-7.15
1956991673,Sadness,-26.68,-22.85,-26.69,-23.81,-23.26,-24.32,-25.20,-25.04,-23.41,-25.64,-28.68,-25.74,-29.20
1956991704,Worry,-26.54,-27.24,-27.21,-26.61,-25.54,-25.18,-27.36,-27.32,-25.06,-26.83,-27.40,-26.21,-27.75
1956991723,Worry,-21.97,-21.15,-23.70,-20.94,-19.61,-20.87,-21.56,-20.81,-21.74,-20.32,-23.30,-20.95,-23.18
1956992030,Sadness,-34.64,-31.05,-34.21,-32.22,-32.23,-31.73,-32.25,-32.92,-32.97,-33.09,-37.54,-33.61,-36.27
1956992144,Worry,-25.97,-23.30,-25.30,-24.99,-22.77,-24.97,-25.15,-25.46,-23.97,-25.11,-26.10,-25.78,-26.67
1956992349,Worry,-11.50,-10.79,-11.72,-10.99,-10.63,-10.79,-10.83,-10.74,-10.68,-11.46,-11.65,-10.94,-11.89
1956993007,Sadness,-3.01,-2.59,-3.33,-2.98,-2.83,-3.08,-3.48,-3.05,-2.90,-3.11,-2.90,-3.04,-3.96
1956993080,Worry,-6.82,-5.98,-6.36,-5.83,-5.78,-6.42,-6.49,-6.05,-6.52,-6.20,-6.76,-6.09,-7.45
1956993206,Neutral,-13.87,-14.62,-14.48,-13.72,-14.32,-14.19,-14.24,-13.72,-14.32,-14.27,-15.33,-14.39,-15.25
1956994067,Neutral,-10.66,-8.52,-9.77,-8.69,-8.69,-8.97,-9.17,-9.82,-9.63,-9.15,-10.77,-9.72,-10.81
1956995196,Happiness,-45.99,-42.46,-45.32,-43.23,-43.65,-44.57,-42.03,-44.69,-45.63,-42.04,-49.55,-43.37,-52.74
1956995505,Neutral,-19.74,-17.76,-19.75,-17.32,-17.33,-18.75,-19.13,-18.85,-18.30,-18.67,-21.69,-19.93,-21.70
1956995679,Sadness,-13.49,-12.28,-14.75,-13.44,-12.56,-13.78,-14.03,-14.32,-13.13,-14.34,-14.23,-13.63,-14.55
1956995762,Worry,-18.52,-17.72,-19.34,-19.52,-17.88,-17.98,-18.94,-18.67,-17.62,-19.62,-19.01,-18.59,-19.04
1956995852,Neutral,-22.55,-20.15,-21.52,-19.49,-19.92,-20.27,-19.88,-20.40,-21.46,-19.58,-25.42,-19.82,-24.87
1956996081,Hate,-15.23,-15.73,-15.18,-15.85,-15.76,-15.54,-15.66,-15.80,-14.60,-16.21,-15.63,-15.46,-15.55
1956996385,Neutral,-29.61,-28.61,-28.92,-27.10,-27.80,-28.60,-27.33,-28.30,-29.78,-27.17,-32.70,-27.92,-33.64
1956996470,Worry,-17.27,-16.44,-17.11,-16.79,-16.20,-16.47,-16.89,-16.82,-16.76,-16.43,-18.27,-17.82,-19.04
1956996673,No Words Found,
1956996730,Neutral,-14.52,-13.98,-14.15,-13.78,-14.10,-14.01,-14.17,-13.96,-15.15,-13.77,-15.15,-14.35,-15.55
1956996765,Happiness,-36.25,-33.26,-36.97,-33.64,-33.51,-35.08,-34.73,-34.83,-35.76,-33.11,-38.78,-34.57,-40.04
1956996776,Sadness,-13.15,-10.42,-13.34,-12.77,-11.07,-12.73,-12.18,-13.11,-11.96,-12.68,-13.82,-12.57,-14.38
1956997143,Neutral,-31.92,-29.91,-31.87,-29.63,-29.79,-29.96,-31.10,-30.11,-31.30,-29.71,-33.60,-30.18,-33.77
1956997352,Worry,-36.73,-33.68,-35.98,-33.76,-32.55,-35.17,-34.76,-36.13,-35.90,-34.86,-40.61,-36.20,-43.16
1956997619,Neutral,-16.80,-14.03,-16.15,-13.93,-14.54,-14.48,-13.73,-15.08,-15.87,-14.00,-17.29,-14.87,-18.09
1956998370,Love,-18.21,-16.28,-17.73,-16.80,-16.18,-17.18,-14.91,-17.25,-17.97,-16.78,-18.31,-17.26,-19.04
1956998532,Worry,-14.88,-12.53,-14.76,-12.85,-12.48,-14.10,-14.40,-13.86,-14.05,-13.97,-16.31,-13.66,-16.79
1956998538,Neutral,-35.58,-33.29,-35.10,-33.18,-33.27,-33.92,-34.02,-34.97,-34.44,-33.83,-36.88,-34.99,-37.96
1956998698,Happiness,-7.41,-7.70,-7.01,-7.57,-7.60,-7.15,-7.68,-7.48,-7.33,-7.17,-7.66,-7.59,-7.93
1956998704,Worry,-13.45,-11.67,-13.21,-12.81,-11.69,-12.73,-13.09,-12.26,-12.90,-12.18,-13.95,-13.53,-14.68
1957000040,Sadness,-17.87,-17.99,-19.85,-19.14,-18.33,-19.26,-19.20,-19.33,-17.99,-20.48,-18.31,-19.73,-19.22
1957000077,Sadness,-3.14,-1.88,-2.83,-2.59,-2.21,-2.67,-2.41,-2.69,-2.99,-2.70,-3.08,-2.89,-3.66
1957000152,Neutral,-25.45,-23.88,-25.40,-23.39,-23.50,-24.10,-24.53,-24.62,-25.15,-23.93,-28.16,-24.30,-28.90
1957000290,Worry,-13.01,-11.66,-12.90,-12.25,-11.30,-12.77,-13.94,-13.51,-12.50,-12.74,-13.85,-13.81,-15.55
1957000314,Worry,-10.72,-9.13,-9.97,-9.57,-9.09,-9.82,-9.04,-9.84,-10.35,-9.90,-11.05,-10.43,-11.59
1957000336,Neutral,-17.86,-16.81,-17.66,-16.26,-16.70,-17.28,-17.66,-17.23,-17.60,-17.31,-19.61,-16.95,-18.92
1957000372,Neutral,-10.02,-8.90,-9.92,-8.60,-9.00,-8.93,-9.00,-9.72,-9.78,-8.95,-11.35,-9.92,-10.99
1957000788,Worry,-29.25,-29.38,-29.16,-28.95,-28.44,-29.23,-29.64,-29.97,-28.59,-29.29,-30.22,-28.55,-30.33
1957001049,Neutral,-13.90,-13.78,-14.75,-13.05,-13.64,-14.31,-14.09,-14.33,-14.25,-14.24,-15.45,-13.87,-14.95
1957001370,Worry,-6.81,-5.89,-6.66,-5.83,-5.69,-5.98,-6.38,-6.57,-6.32,-6.42,-6.97,-7.05,-7.33
1957001496,Worry,-14.27,-13.12,-14.65,-13.00,-12.60,-14.51,-14.49,-14.24,-14.10,-13.75,-15.99,-14.02,-18.82
1957001506,Neutral,-2.43,-1.99,-2.41,-2.05,-2.08,-2.41,-2.49,-2.53,-2.21,-2.28,-2.70,-2.23,-3.01
1957001854,Fun,-18.84,-20.04,-18.78,-19.32,-19.49,-18.83,-18.64,-17.67,-19.32,-18.96,-19.31,-19.38,-19.34
1957001967,Neutral,-8.86,-8.58,-8.78,-7.95,-8.39,-8.81,-8.63,-8.73,-9.76,-7.89,-10.65,-8.81,-11.29
1957002082,Sadness,-16.75,-12.76,-16.59,-14.39,-13.44,-14.96,-14.69,-16.18,-16.16,-14.33,-19.21,-14.63,-20.73
1957002773,Neutral,-13.14,-12.08,-13.19,-11.44,-11.59,-12.01,-11.81,-12.19,-13.72,-11.85,-14.85,-11.76,-14.95
1957002923,Worry,-16.89,-14.03,-16.90,-15.55,-14.10,-15.99,-16.57,-16.67,-15.32,-16.10,-18.18,-16.64,-18.74
1957003048,Worry,-18.81,-17.24,-19.85,-18.63,-17.27,-20.11,-20.29,-20.13,-18.42,-19.72,-20.84,-19.19,-22.23
1957003356,Worry,-43.25,-40.35,-41.62,-39.44,-38.65,-40.99,-41.58,-41.11,-42.70,-40.33,-46.16,-41.24,-47.75
1957003440,Worry,-29.58,-30.54,-29.54,-31.07,-29.22,-29.20,-30.97,-30.25,-31.17,-31.26,-31.26,-29.95,-31.11
1957003715,No Words Found,
1957004184,Sadness,-22.62,-18.89,-21.60,-20.17,-19.12,-19.56,-19.51,-20.40,-20.72,-19.50,-24.07,-21.71,-25.59
1957004519,Worry,-44.13,-40.36,-44.04,-40.65,-39.70,-40.85,-42.31,-42.15,-42.94,-41.38,-46.57,-42.56,-48.11
1957004606,Worry,-7.71,-8.14,-7.74,-8.36,-8.12,-7.93,-7.92,-8.26,-8.14,-8.13,-7.97,-7.72,-7.93
1957004749,Worry,-21.12,-17.95,-21.32,-18.46,-18.15,-19.84,-19.99,-20.56,-18.49,-19.86,-22.20,-19.19,-25.31
1957005165,Neutral,-6.75,-5.81,-6.36,-5.79,-5.79,-6.05,-5.85,-6.23,-5.80,-6.00,-6.89,-6.37,-7.15
1957005226,Sadness,-18.24,-15.02,-17.36,-16.11,-15.26,-16.91,-16.29,-17.27,-17.24,-16.46,-18.99,-17.68,-21.50
1957005279,Sadness,-7.23,-5.51,-6.94,-6.67,-5.78,-6.29,-5.99,-6.49,-7.21,-6.58,-7.06,-6.66,-7.63
1957005410,Neutral,-13.69,-11.43,-13.19,-11.43,-11.54,-11.82,-12.03,-12.66,-12.77,-11.84,-14.25,-11.44,-14.01
1957005696,Happiness,-13.32,-12.70,-12.54,-12.46,-12.53,-11.77,-11.75,-11.45,-12.76,-11.81,-13.79,-12.43,-14.21
1957005713,Worry,-26.00,-23.92,-26.18,-24.26,-23.95,-24.86,-24.85,-24.38,-25.47,-24.34,-29.36,-26.15,-29.30
1957005817,Neutral,-26.85,-24.71,-25.95,-24.09,-24.31,-25.16,-24.98,-25.24,-25.68,-24.56,-30.06,-25.76,-29.28
1957006033,Sadness,-25.20,-21.55,-25.33,-24.22,-22.66,-24.11,-24.06,-25.21,-24.17,-24.37,-26.43,-24.22,-27.14
1957006074,Worry,-14.09,-11.94,-13.89,-12.69,-12.11,-13.18,-12.99,-12.23,-12.47,-12.32,-14.68,-12.59,-15.25
1957006098,Worry,-43.97,-42.27,-43.95,-43.53,-40.93,-43.85,-44.82,-44.67,-42.73,-43.86,-46.85,-43.58,-48.42
1957006245,Sadness,-41.58,-37.76,-43.83,-38.34,-38.20,-39.31,-40.54,-40.74,-39.02,-41.09,-44.67,-41.41,-45.58
1957006307,Sadness,-6.44,-4.13,-6.41,-5.78,-4.46,-5.66,-5.84,-6.58,-5.95,-5.99,-6.97,-5.61,-7.23
1957006547,Sadness,-39.29,-36.18,-38.92,-37.72,-36.79,-37.84,-39.59,-38.93,-37.95,-38.94,-40.92,-38.12,-41.74
1957006674,Sadness,-36.97,-30.89,-36.85,-34.16,-31.64,-34.64,-34.78,-36.62,-35.11,-35.21,-40.70,-35.84,-41.09
1957006725,Worry,-9.69,-8.67,-9.23,-8.46,-8.38,-8.87,-9.01,-8.66,-8.98,-9.01,-9.97,-9.32,-10.41
1957006830,Neutral,-3.19,-3.41,-3.26,-2.86,-3.24,-3.08,-3.03,-3.24,-3.74,-2.96,-3.68,-3.65,-3.96
1957006947,Neutral,-36.24,-32.22,-36.22,-32.13,-32.29,-33.65,-33.09,-33.42,-34.59,-32.96,-37.72,-33.24,-40.57
1957007167,Worry,-16.05,-13.94,-16.60,-14.07,-13.54,-14.63,-14.80,-15.19,-14.86,-14.83,-17.45,-14.94,-18.31
1957007268,Worry,-24.19,-21.92,-23.79,-22.02,-21.72,-22.79,-24.14,-22.93,-23.26,-23.67,-25.60,-22.89,-25.46
1957007357,Neutral,-11.92,-11.52,-13.27,-11.09,-11.27,-12.24,-11.77,-12.05,-12.83,-11.84,-13.21,-11.26,-14.00
1957007394,Neutral,-11.13,-9.84,-10.14,-9.68,-10.44,-10.24,-10.23,-10.54,-10.26,-10.74,-11.17,-10.55,-11.11
1957007437,Neutral,-16.74,-15.38,-15.28,-14.92,-15.43,-15.46,-15.01,-14.82,-15.82,-15.28,-17.99,-16.15,-18.00
1957007633,Sadness,-18.96,-16.15,-19.47,-18.52,-17.56,-17.26,-18.45,-18.61,-19.05,-18.41,-19.44,-18.18,-19.82
1957007981,Worry,-6.75,-6.08,-7.04,-5.98,-5.95,-6.44,-6.68,-6.65,-6.28,-6.73,-7.36,-6.92,-7.63
1957008075,Worry,-24.63,-20.68,-23.55,-21.22,-20.42,-22.66,-22.77,-22.53,-22.64,-22.17,-26.65,-22.44,-27.42
1957008193,Worry,-7.01,-5.97,-7.31,-6.18,-5.72,-6.17,-6.48,-6.82,-5.96,-6.53,-7.66,-6.59,-7.63
1957008287,Worry,-52.43,-51.36,-51.59,-50.86,-49.63,-51.56,-51.77,-51.05,-52.38,-51.07,-52.43,-51.73,-54.41
1957008292,Neutral,-20.07,-17.57,-19.07,-16.79,-17.33,-18.02,-17.14,-17.78,-19.66,-16.94,-21.91,-17.90,-21.86
1957008434,Worry,-9.82,-9.56,-10.66,-9.85,-8.84,-9.38,-10.21,-10.09,-9.70,-9.63,-10.63,-10.11,-11.29
1957008478,Neutral,-23.08,-22.29,-22.23,-21.91,-22.52,-22.73,-22.88,-22.45,-22.14,-22.35,-23.90,-22.96,-23.18
1957008498,Sadness,-17.48,-14.63,-17.32,-15.97,-15.20,-16.12,-16.91,-16.77,-15.82,-16.60,-18.23,-16.26,-18.31
1957008766,Happiness,-14.77,-13.03,-14.63,-12.90,-13.20,-12.90,-12.71,-13.25,-13.71,-12.46,-14.85,-13.57,-15.25
1957008802,Worry,-13.23,-12.78,-13.50,-12.27,-11.69,-12.93,-13.07,-12.67,-13.67,-13.28,-14.43,-13.42,-15.08
1957008987,Worry,-16.50,-16.53,-17.00,-16.49,-15.94,-15.86,-16.96,-17.07,-16.56,-17.07,-18.29,-16.99,-18.78
1957009454,Worry,-24.35,-21.19,-24.19,-22.21,-20.95,-23.32,-23.40,-23.18,-23.65,-23.45,-25.33,-23.57,-26.06
1957009666,Neutral,-20.82,-18.75,-19.90,-18.35,-18.64,-19.11,-18.64,-18.54,-19.86,-18.37,-21.26,-18.84,-22.40
1957010072,Worry,-11.68,-10.94,-11.42,-11.12,-10.56,-11.30,-11.93,-11.40,-10.33,-11.47,-11.47,-11.01,-11.89
1957010329,Neutral,-20.82,-18.75,-19.90,-18.35,-18.64,-19.11,-18.64,-18.54,-19.86,-18.37,-21.26,-18.84,-22.40
1957010415,Worry,-9.13,-7.79,-10.12,-8.47,-7.47,-8.77,-8.99,-8.84,-8.40,-8.71,-10.27,-9.03,-10.59
1957011291,Worry,-3.25,-2.31,-2.81,-2.52,-2.44,-2.74,-2.40,-2.78,-3.07,-2.67,-3.51,-2.91,-3.36
1957011738,Worry,-33.21,-32.41,-34.87,-31.65,-31.40,-32.71,-33.17,-33.11,-33.93,-31.82,-37.32,-33.65,-37.68
1957012476,Sadness,-29.97,-28.75,-30.85,-30.14,-30.28,-29.52,-30.79,-29.87,-30.88,-30.64,-30.66,-30.13,-30.51
1957012535,Neutral,-19.29,-19.56,-21.11,-19.22,-19.67,-20.79,-21.02,-20.59,-19.46,-20.27,-20.50,-19.82,-23.48
1957012769,Worry,-6.39,-4.88,-6.33,-5.50,-5.02,-5.78,-5.63,-5.76,-5.48,-5.66,-6.71,-5.84,-6.85
1957013149,Happiness,-24.04,-20.61,-22.33,-20.51,-20.11,-20.59,-18.47,-20.78,-23.86,-18.16,-27.63,-20.55,-29.79
1957013166,Worry,-12.84,-12.05,-13.18,-12.07,-11.52,-12.82,-12.44,-12.20,-11.54,-12.27,-13.91,-12.26,-14.00
1957013488,Worry,-3.39,-3.16,-3.63,-3.18,-3.12,-3.84,-3.33,-3.58,-3.27,-3.51,-3.98,-3.40,-3.66
1957013697,Neutral,-18.59,-17.29,-18.45,-16.88,-17.19,-17.96,-18.91,-17.85,-18.53,-17.42,-19.82,-18.20,-21.27
1957013723,Worry,-23.68,-21.95,-23.57,-22.82,-21.80,-23.68,-23.44,-24.12,-22.36,-23.77,-24.92,-23.24,-25.59
1957013804,Sadness,-6.23,-4.89,-6.46,-5.61,-5.37,-5.91,-5.74,-5.67,-6.26,-5.75,-6.76,-6.13,-7.63
1957013885,Sadness,-31.48,-30.46,-31.75,-31.36,-31.73,-31.28,-32.72,-31.76,-31.99,-32.47,-32.96,-31.20,-34.12
1957013895,Worry,-11.50,-10.99,-11.55,-11.79,-11.07,-11.51,-11.76,-11.37,-10.91,-11.61,-11.35,-11.24,-11.89
1957013896,Worry,-17.15,-15.90,-16.61,-16.30,-15.51,-16.31,-16.18,-16.20,-16.51,-16.12,-17.37,-16.53,-19.04
1957014267,Worry,-22.54,-19.81,-22.99,-20.88,-19.78,-21.10,-21.28,-21.40,-22.14,-20.94,-24.88,-21.44,-25.20
1957014389,Relief,-32.28,-30.86,-31.15,-30.66,-30.91,-31.59,-32.70,-32.30,-31.32,-31.88,-32.86,-29.84,-35.07
1957014493,Worry,-7.11,-7.18,-7.44,-7.36,-7.00,-7.40,-7.96,-7.03,-6.64,-7.69,-6.89,-7.29,-7.93
1957014517,Neutral,-27.36,-25.02,-27.50,-25.11,-25.15,-26.68,-26.43,-26.34,-26.71,-25.88,-31.08,-26.44,-29.43
1957014653,Neutral,-14.19,-13.63,-13.61,-12.85,-13.90,-13.96,-13.73,-13.43,-13.96,-13.46,-14.28,-14.08,-15.08
1957014706,Worry,-28.17,-26.05,-28.29,-26.63,-25.57,-27.65,-27.83,-27.84,-25.52,-27.52,-30.96,-27.24,-32.14
1957015287,No Words Found,
1957015475,Neutral,-29.53,-28.85,-30.20,-26.23,-28.18,-28.46,-28.91,-29.21,-29.28,-28.91,-32.65,-29.74,-33.21
1957015719,Worry,-15.96,-15.41,-16.26,-14.71,-14.59,-14.86,-15.54,-15.78,-15.54,-15.62,-18.47,-15.61,-17.79
1957016086,Happiness,-16.97,-16.59,-16.63,-15.98,-17.14,-16.41,-16.06,-16.31,-16.99,-15.62,-18.31,-16.16,-19.04
1957016169,Worry,-6.28,-5.73,-6.49,-5.88,-5.73,-6.41,-6.41,-6.27,-6.05,-5.96,-7.01,-6.09,-7.15
1957016339,Worry,-35.65,-32.36,-35.15,-33.24,-31.49,-33.22,-34.36,-34.72,-34.49,-34.48,-36.73,-34.35,-37.38
1957016697,Worry,-8.19,-6.60,-7.44,-7.34,-6.78,-6.51,-7.42,-7.36,-7.84,-7.21,-7.66,-7.49,-7.63
1957016818,Neutral,-33.35,-32.45,-34.03,-31.25,-31.43,-31.78,-31.98,-30.88,-32.74,-31.31,-36.52,-33.83,-36.52
1957017164,Worry,-19.76,-16.39,-19.36,-16.84,-16.40,-16.86,-16.72,-18.67,-18.93,-17.77,-22.30,-17.99,-21.53
1957017177,Worry,-31.57,-29.51,-33.40,-29.95,-28.88,-30.41,-31.49,-31.95,-31.37,-30.45,-33.69,-30.47,-34.17
1957017320,Worry,-6.04,-5.25,-6.40,-5.44,-5.25,-5.40,-5.38,-5.63,-5.62,-5.40,-6.64,-6.14,-7.15
1957017333,Neutral,-25.60,-24.61,-26.37,-23.47,-24.35,-24.45,-24.77,-24.84,-25.45,-24.53,-28.68,-24.37,-29.18
1957017486,Neutral,-15.79,-14.74,-15.83,-14.31,-14.99,-15.48,-16.68,-15.22,-15.59,-16.40,-16.89,-15.88,-17.35
1957017522,Happiness,-38.23,-36.64,-38.44,-36.47,-36.46,-37.35,-38.03,-38.35,-37.24,-36.00,-41.13,-37.48,-41.68
1957017595,Happiness,-48.92,-47.55,-49.12,-47.56,-46.80,-47.15,-46.88,-47.16,-49.12,-45.26,-51.48,-48.16,-52.59
1957017610,Worry,-34.67,-33.04,-33.71,-32.61,-32.37,-33.18,-33.35,-33.35,-34.34,-33.74,-36.94,-33.29,-37.18
1957018061,Worry,-3.62,-2.95,-3.51,-3.00,-2.84,-3.47,-3.22,-3.33,-3.32,-3.24,-3.98,-3.25,-3.96
1957018162,Worry,-20.71,-19.80,-20.66,-20.53,-18.58,-20.90,-20.70,-20.26,-20.10,-20.81,-21.39,-19.98,-21.91
1957018678,Neutral,-18.12,-19.71,-18.96,-18.86,-20.40,-18.75,-19.54,-18.63,-19.55,-19.22,-19.14,-19.35,-19.34
1957019034,Worry,-17.55,-16.23,-18.09,-16.06,-15.63,-16.94,-17.72,-17.89,-16.38,-17.15,-17.93,-16.99,-19.04
1957019121,Neutral,-31.19,-29.99,-30.95,-27.97,-29.03,-29.26,-29.66,-29.12,-30.96,-28.68,-35.97,-30.27,-36.69
1957019458,Worry,-6.11,-5.51,-5.99,-5.51,-5.39,-5.60,-5.96,-5.95,-5.91,-5.85,-7.36,-5.79,-7.33
1957019556,Sadness,-30.95,-26.66,-31.35,-27.17,-27.00,-29.46,-29.03,-28.84,-30.24,-28.24,-35.14,-28.78,-35.37
1957019715,Neutral,-28.34,-25.52,-26.69,-23.79,-24.05,-25.94,-27.05,-25.84,-26.45,-25.87,-28.93,-25.62,-30.11
1957019766,Worry,-10.01,-9.60,-10.01,-9.93,-9.48,-9.71,-10.17,-9.96,-10.14,-9.74,-10.95,-10.46,-11.29
1957020180,Worry,-15.90,-14.24,-16.50,-14.35,-14.08,-15.37,-15.35,-15.30,-15.70,-15.33,-17.36,-15.49,-17.86
1957020385,Worry,-16.54,-15.79,-16.28,-16.12,-15.47,-15.89,-16.65,-16.62,-15.98,-15.49,-17.17,-15.27,-18.26
1957020390,Worry,-3.79,-3.59,-4.11,-3.64,-3.47,-3.62,-4.18,-3.98,-3.92,-4.59,-3.98,-3.77,-3.66
1957020593,Worry,-48.02,-45.12,-47.99,-44.43,-44.37,-46.02,-46.26,-47.36,-46.22,-46.29,-50.51,-46.04,-51.98
1957020624,Neutral,-4.92,-3.97,-4.83,-4.12,-4.15,-4.58,-4.10,-4.73,-4.62,-4.06,-5.78,-4.27,-6.13
1957020702,Happiness,-17.27,-15.87,-16.40,-16.34,-15.88,-16.42,-17.09,-15.64,-16.79,-15.57,-17.43,-17.14,-18.92
1957020861,Happiness,-21.10,-19.41,-19.71,-18.67,-19.51,-19.49,-19.26,-18.31,-20.10,-18.20,-22.39,-19.33,-22.00
1957021039,Worry,-35.09,-34.60,-33.77,-32.95,-32.50,-33.98,-34.41,-34.17,-34.57,-34.75,-36.31,-33.75,-37.00
1957021224,Sadness,-3.49,-2.60,-3.81,-3.68,-2.94,-3.24,-3.37,-3.80,-3.32,-3.63,-3.98,-3.55,-3.96
1957021305,Sadness,-36.60,-31.84,-36.34,-33.58,-32.58,-32.94,-34.07,-35.53,-35.30,-33.83,-38.62,-34.47,-38.34
1957021321,Neutral,-20.03,-19.19,-19.29,-18.78,-19.11,-19.13,-19.44,-19.02,-19.93,-18.59,-21.04,-19.52,-22.83
1957021486,Hate,-31.54,-30.40,-31.57,-30.71,-30.21,-30.53,-31.46,-30.67,-28.52,-31.22,-32.86,-31.11,-33.99
1957021631,Worry,-13.30,-12.00,-12.62,-11.61,-11.55,-12.08,-12.50,-11.96,-12.72,-11.77,-14.43,-12.24,-15.08
1957022610,Worry,-36.14,-34.51,-35.51,-34.93,-33.78,-35.64,-34.93,-35.53,-34.95,-36.51,-36.14,-35.61,-38.13
1957022799,Worry,-16.63,-14.55,-15.81,-15.85,-14.65,-15.20,-15.07,-15.50,-15.45,-15.27,-17.87,-15.78,-18.74
1957023061,Worry,-26.19,-23.62,-26.28,-23.70,-22.67,-23.84,-25.50,-25.15,-24.88,-24.49,-28.07,-24.05,-28.13
1957023133,Worry,-44.93,-40.15,-45.70,-41.85,-39.29,-41.48,-43.48,-44.84,-43.04,-43.60,-48.08,-42.86,-48.89
1957023263,Hate,-40.38,-38.97,-39.89,-39.16,-38.81,-38.86,-38.89,-39.65,-36.59,-40.39,-41.43,-40.43,-42.22
1957023739,Sadness,-18.06,-16.72,-18.69,-17.12,-17.01,-17.69,-18.76,-18.16,-17.54,-18.37,-18.91,-18.53,-18.92
1957023842,Neutral,-16.18,-15.53,-16.55,-14.97,-15.20,-15.57,-15.57,-16.04,-15.66,-15.51,-17.73,-15.91,-17.96
1957023917,Neutral,-19.99,-18.50,-21.35,-17.80,-18.50,-19.56,-19.52,-19.46,-19.78,-18.51,-21.97,-19.29,-22.28
1957024334,Worry,-24.97,-24.32,-25.22,-24.00,-23.46,-24.22,-25.40,-23.83,-24.86,-24.46,-25.26,-24.97,-26.19
1957025428,Worry,-28.03,-26.53,-29.35,-26.60,-26.01,-27.80,-28.55,-28.21,-27.77,-28.45,-29.36,-28.92,-30.01
1957026475,Neutral,-9.91,-9.23,-9.90,-9.01,-9.23,-9.62,-9.90,-9.39,-9.03,-9.70,-10.87,-10.32,-11.11
1957027495,Worry,-29.95,-26.87,-29.53,-26.74,-26.10,-28.66,-27.20,-28.31,-29.75,-26.83,-34.61,-28.26,-35.80
1957027630,Worry,-29.45,-26.36,-29.74,-27.02,-26.23,-28.01,-27.64,-29.42,-28.05,-27.72,-32.56,-28.17,-32.94
1957027687,Neutral,-17.93,-17.51,-17.45,-15.83,-16.35,-17.05,-16.84,-16.97,-17.63,-16.38,-18.91,-17.23,-18.92
1957027841,Worry,-26.68,-25.95,-28.00,-26.00,-25.76,-26.99,-27.58,-27.23,-26.79,-27.16,-30.11,-27.23,-29.59
1957028656,Worry,-8.19,-6.94,-8.17,-6.91,-6.71,-7.58,-7.44,-7.48,-7.62,-7.10,-8.86,-7.60,-9.94
1957028775,Neutral,-10.60,-9.42,-10.37,-9.26,-9.36,-9.62,-9.65,-9.86,-10.09,-9.62,-10.87,-10.01,-11.41
1957028895,Happiness,-17.13,-15.90,-17.35,-15.58,-15.95,-15.76,-15.21,-16.50,-17.17,-15.22,-18.11,-16.20,-18.50
1957029111,Worry,-13.34,-11.49,-13.00,-12.10,-11.49,-12.33,-12.16,-12.74,-12.94,-12.28,-14.25,-12.36,-14.65
1957029634,Neutral,-13.35,-12.79,-13.82,-12.63,-12.74,-12.68,-13.52,-12.52,-13.22,-13.17,-13.70,-13.15,-14.30
1957029641,Worry,-20.95,-18.56,-20.83,-19.31,-18.18,-19.44,-19.40,-20.23,-19.82,-19.37,-22.42,-19.15,-22.23
1957029899,Neutral,-25.38,-22.41,-25.20,-22.29,-22.45,-22.96,-22.20,-22.79,-24.50,-22.24,-27.66,-23.15,-28.23
1957030196,Neutral,-6.45,-7.36,-7.04,-6.30,-6.30,-6.95,-6.85,-6.67,-6.95,-7.12,-7.49,-6.96,-7.93
1957030545,Neutral,-26.87,-24.74,-26.84,-24.39,-25.70,-25.65,-26.61,-26.10,-25.52,-26.21,-27.28,-25.54,-26.45
1957030596,Neutral,-23.17,-22.23,-23.53,-21.60,-22.51,-22.57,-23.53,-23.60,-23.05,-22.95,-24.69,-23.20,-26.27
1957030622,Neutral,-9.60,-8.60,-9.77,-8.81,-8.85,-9.37,-9.99,-9.29,-9.34,-9.80,-11.35,-9.60,-11.11
1957030793,Worry,-3.39,-2.93,-3.51,-3.01,-2.82,-3.11,-3.33,-3.38,-2.99,-3.33,-3.68,-3.40,-3.36
1957031520,Sadness,-13.74,-11.00,-13.03,-11.74,-11.22,-12.58,-12.33,-12.47,-12.90,-12.35,-15.41,-13.30,-16.71
1957031859,Happiness,-29.20,-24.88,-26.59,-25.23,-25.18,-26.53,-25.38,-24.31,-28.45,-24.05,-30.54,-26.24,-32.91
1957032014,Worry,-24.53,-21.93,-23.98,-21.78,-21.38,-21.99,-22.34,-23.00,-23.79,-22.12,-28.17,-24.21,-30.03
1957032051,Worry,-3.49,-2.97,-3.21,-3.06,-2.76,-3.04,-3.33,-3.44,-3.11,-3.28,-3.68,-3.34,-3.66
1957032114,Worry,-2.95,-2.45,-2.99,-2.59,-2.38,-2.26,-2.50,-2.75,-2.70,-2.48,-3.14,-2.85,-3.66
1957032127,Sadness,-25.84,-24.32,-27.54,-24.91,-24.75,-26.98,-27.25,-27.63,-26.04,-26.70,-27.94,-26.53,-30.81
1957032228,Worry,-3.05,-2.61,-3.07,-2.61,-2.50,-2.69,-2.69,-2.73,-2.77,-2.75,-3.51,-2.82,-3.66
1957032539,Neutral,-34.83,-32.87,-33.24,-32.02,-32.01,-32.75,-33.75,-33.87,-34.74,-33.54,-37.24,-33.46,-37.43
1957033043,No Words Found,
1957033103,Worry,-20.09,-20.82,-21.50,-19.61,-19.29,-20.41,-21.42,-21.84,-21.28,-21.51,-22.52,-20.82,-23.18
1957033219,Neutral,-20.92,-20.07,-20.38,-18.99,-19.38,-19.57,-20.33,-19.36,-20.25,-19.63,-22.18,-20.65,-21.57
1957033558,Worry,-44.86,-43.61,-45.34,-44.41,-43.05,-43.97,-45.94,-44.33,-44.42,-45.73,-48.43,-45.20,-48.15
1957033776,Worry,-18.16,-16.43,-19.17,-17.22,-16.56,-18.15,-18.82,-18.18,-17.49,-18.51,-20.34,-19.09,-21.93
1957033815,Neutral,-6.37,-5.63,-6.37,-5.63,-5.73,-5.61,-5.95,-5.62,-6.07,-5.52,-7.12,-5.95,-6.85
1957033874,Sadness,-24.46,-22.69,-25.36,-23.03,-23.20,-24.39,-23.73,-23.48,-23.15,-24.22,-26.02,-24.11,-26.37
1957033901,Worry,-34.29,-30.99,-33.89,-33.81,-30.73,-32.87,-33.05,-33.91,-33.04,-33.23,-35.99,-33.65,-36.45
1957034202,Surprise,-29.81,-28.08,-29.91,-29.89,-28.44,-27.32,-29.62,-29.20,-29.85,-29.03,-30.11,-30.14,-30.81
1957034289,Worry,-31.36,-28.69,-31.04,-27.94,-27.43,-29.57,-28.64,-28.14,-29.04,-27.37,-32.74,-29.52,-33.47
1957034434,Happiness,-60.21,-57.81,-59.01,-57.74,-58.71,-58.24,-60.40,-58.58,-59.96,-57.50,-62.45,-58.53,-63.00
1957034566,Worry,-22.99,-19.58,-22.06,-19.87,-19.54,-20.48,-20.77,-21.20,-21.89,-20.98,-24.82,-21.47,-25.45
1957034940,No Words Found,
1957034983,Neutral,-11.50,-9.71,-10.67,-9.57,-10.15,-10.16,-10.31,-10.40,-10.53,-10.08,-11.35,-10.41,-11.41
1957035419,Neutral,-37.05,-36.16,-37.41,-35.13,-35.92,-36.43,-35.26,-36.49,-37.10,-36.61,-39.71,-36.13,-40.90
1957035564,Sadness,-40.83,-36.32,-39.75,-36.58,-37.11,-37.23,-37.22,-36.56,-39.15,-36.55,-41.76,-37.17,-41.92
1957035950,Sadness,-11.28,-9.87,-11.10,-10.34,-10.82,-10.14,-9.83,-10.75,-9.98,-10.75,-11.25,-10.43,-11.41
1957036183,Neutral,-19.80,-18.03,-18.68,-17.14,-17.47,-18.25,-17.73,-17.88,-19.27,-17.25,-22.09,-17.60,-22.23
1957037405,Neutral,-11.08,-10.76,-11.07,-10.31,-10.83,-11.20,-11.36,-11.03,-10.87,-10.54,-10.99,-10.52,-11.41
1957037860,Worry,-30.21,-29.22,-30.65,-28.83,-26.90,-28.91,-29.52,-29.32,-29.54,-28.35,-32.71,-27.26,-33.82
1957038324,Worry,-10.30,-9.15,-10.65,-10.33,-8.99,-10.44,-10.57,-11.46,-10.02,-10.54,-11.47,-10.34,-11.89
1957038398,Neutral,-25.47,-24.23,-25.65,-23.83,-24.01,-24.88,-25.59,-24.81,-23.73,-24.87,-25.85,-25.38,-26.67
1957038470,Worry,-34.03,-32.33,-34.51,-32.33,-31.98,-33.56,-34.23,-34.17,-31.52,-33.51,-35.28,-32.83,-35.68
1957038475,Worry,-10.76,-10.89,-10.80,-10.86,-10.75,-10.74,-10.82,-10.63,-10.66,-10.82,-10.31,-10.99,-11.59
1957038477,Worry,-25.13,-22.03,-25.38,-22.96,-20.99,-23.84,-23.09,-23.07,-23.70,-22.24,-27.00,-23.85,-28.59
1957038763,Worry,-25.30,-22.75,-25.91,-23.12,-22.65,-24.00,-23.80,-23.96,-23.90,-23.80,-28.19,-23.55,-28.30
1957038970,Worry,-6.77,-7.07,-6.56,-6.58,-6.55,-6.93,-6.59,-7.03,-6.29,-6.80,-7.06,-6.99,-7.23
1957039203,Worry,-42.02,-39.12,-41.19,-39.87,-38.47,-40.25,-40.91,-42.26,-40.33,-40.11,-43.99,-40.75,-44.28
1957039456,Sadness,-11.38,-10.07,-10.95,-11.81,-10.82,-10.96,-12.16,-12.07,-11.76,-12.28,-11.95,-11.66,-11.89
1957039841,Worry,-22.58,-20.46,-22.43,-20.09,-19.96,-20.61,-21.12,-21.16,-21.70,-20.30,-24.20,-22.06,-26.19
1957039894,Worry,-25.57,-21.87,-24.77,-22.57,-22.08,-23.67,-23.90,-24.20,-24.91,-23.46,-27.63,-23.89,-29.01
1957039922,Sadness,-11.13,-10.39,-11.12,-11.32,-10.64,-11.48,-11.60,-11.34,-11.07,-11.45,-10.95,-10.64,-11.19
1957039947,Neutral,-16.88,-15.17,-15.64,-15.09,-15.38,-15.50,-15.85,-15.95,-16.75,-15.41,-18.71,-16.72,-18.56
1957040172,Worry,-38.99,-34.70,-38.38,-36.59,-34.78,-36.18,-36.87,-36.98,-36.93,-36.74,-40.65,-36.85,-40.72
1957040395,Sadness,-37.46,-34.33,-37.64,-36.05,-35.14,-35.37,-34.92,-36.96,-37.53,-35.89,-41.01,-36.57,-41.22
1957040988,Worry,-25.30,-22.75,-25.91,-23.12,-22.65,-24.00,-23.80,-23.96,-23.90,-23.80,-28.19,-23.55,-28.30
1957041569,Worry,-15.20,-14.48,-14.62,-14.43,-13.90,-14.64,-13.89,-14.88,-15.18,-13.92,-15.63,-14.06,-15.55
1957041648,Neutral,-26.07,-28.51,-27.38,-26.61,-26.80,-26.77,-28.87,-27.81,-27.00,-28.31,-26.43,-27.87,-27.27
1957041745,Neutral,-10.20,-9.42,-10.04,-9.38,-9.46,-9.74,-10.03,-9.35,-10.62,-9.75,-11.05,-10.12,-11.29
1957041767,Sadness,-14.73,-11.70,-14.45,-13.89,-12.40,-13.20,-13.49,-14.15,-14.14,-13.85,-14.93,-13.45,-15.55
1957041812,Sadness,-34.80,-31.91,-34.53,-32.16,-32.17,-33.70,-33.56,-33.20,-32.65,-33.08,-36.39,-34.29,-36.70
1957041856,Neutral,-17.27,-16.73,-17.20,-15.76,-15.78,-16.24,-16.90,-17.39,-16.78,-16.95,-19.01,-17.08,-18.52
1957042008,Worry,-36.66,-35.65,-37.67,-36.19,-34.68,-36.39,-36.51,-35.52,-37.01,-36.17,-40.52,-36.64,-41.78
1957042316,Worry,-10.60,-9.05,-10.25,-9.64,-9.24,-9.79,-9.71,-10.08,-9.98,-9.79,-11.17,-9.71,-11.89
1957042474,Worry,-18.91,-17.83,-19.47,-19.91,-17.16,-18.45,-18.70,-19.06,-18.36,-19.67,-19.91,-19.24,-19.82
1957042509,Worry,-10.40,-9.19,-10.29,-8.88,-8.82,-10.00,-10.41,-10.14,-10.06,-9.38,-11.05,-9.97,-11.19
1957042579,Worry,-5.57,-5.10,-5.65,-5.14,-4.93,-5.43,-5.54,-5.51,-5.41,-5.40,-6.36,-5.73,-7.23
1957042734,No Words Found,
1957042799,Worry,-8.92,-7.50,-8.83,-7.48,-7.08,-7.40,-7.75,-7.89,-8.18,-7.59,-9.72,-8.34,-10.59
1957042862,Neutral,-6.03,-5.89,-6.22,-5.61,-5.89,-6.18,-6.05,-6.07,-6.80,-5.68,-7.12,-5.76,-7.45
1957043226,Worry,-11.68,-10.24,-11.72,-11.68,-10.35,-11.14,-12.16,-12.37,-11.46,-11.98,-11.65,-11.19,-11.59
1957043241,Worry,-5.64,-4.49,-5.30,-4.70,-4.29,-5.19,-4.64,-5.00,-5.19,-4.44,-6.36,-4.59,-6.45
1957044366,Neutral,-14.23,-12.82,-13.31,-12.65,-13.15,-13.66,-14.11,-13.42,-13.17,-13.58,-13.75,-12.99,-14.90
1957044680,Sadness,-14.88,-13.17,-14.61,-13.49,-13.39,-14.06,-14.28,-13.57,-14.44,-13.52,-16.82,-14.51,-16.76
1957044694,Worry,-15.59,-13.09,-14.88,-14.32,-13.18,-14.05,-14.41,-15.13,-14.42,-14.44,-15.33,-14.83,-15.55
1957044783,Neutral,-3.19,-2.87,-2.99,-2.68,-2.93,-2.88,-2.91,-2.52,-3.07,-2.68,-3.68,-3.21,-3.66
1957044789,Worry,-5.87,-4.64,-5.99,-5.10,-4.63,-5.32,-5.41,-5.43,-5.22,-5.26,-6.28,-5.32,-6.85
1957044935,Hate,-22.63,-23.52,-22.82,-22.88,-23.27,-23.05,-23.29,-23.14,-21.10,-23.14,-23.30,-22.51,-23.48
1957045395,Sadness,-9.66,-8.04,-8.75,-8.34,-8.47,-9.35,-9.04,-8.66,-8.97,-8.94,-10.37,-9.25,-10.33
1957045641,Worry,-3.49,-3.03,-3.51,-2.91,-2.88,-3.06,-3.12,-3.24,-3.14,-3.12,-3.98,-2.97,-3.66
1957045692,Relief,-14.11,-13.88,-14.44,-14.30,-14.41,-14.75,-15.03,-14.77,-13.62,-14.09,-14.35,-13.24,-14.90
1957045940,Neutral,-9.34,-9.16,-9.31,-9.03,-9.19,-9.26,-8.97,-9.41,-9.57,-8.84,-10.37,-8.56,-10.64
1957046053,Worry,-27.08,-24.24,-26.28,-23.86,-23.63,-23.71,-23.98,-24.46,-26.17,-23.80,-29.11,-24.65,-29.29
1957046090,Worry,-26.82,-25.54,-27.07,-25.79,-24.60,-25.96,-26.02,-25.80,-26.77,-26.26,-28.57,-25.96,-29.73
1957046631,Worry,-26.44,-24.54,-26.94,-25.37,-24.20,-26.47,-27.25,-27.74,-25.48,-27.34,-29.04,-27.14,-29.02
1957046815,No Words Found,
1957047408,Worry,-20.72,-20.33,-21.01,-19.30,-19.15,-20.19,-19.96,-19.73,-21.45,-19.39,-22.52,-20.32,-22.28
1957047569,Worry,-30.46,-28.59,-30.45,-29.41,-27.45,-30.39,-29.64,-29.68,-29.56,-29.57,-32.59,-30.08,-33.59
1957047571,Sadness,-26.93,-22.81,-26.54,-25.28,-23.99,-24.51,-24.14,-26.05,-26.25,-25.09,-28.74,-25.86,-29.43
1957047787,Worry,-37.61,-36.00,-37.46,-37.06,-34.55,-37.09,-39.37,-38.23,-36.11,-39.04,-38.62,-36.45,-39.34
1957047828,Love,-21.41,-21.32,-21.83,-21.27,-20.87,-21.27,-20.32,-21.76,-21.79,-21.43,-22.69,-22.30,-23.18
1957048027,Worry,-8.71,-7.96,-9.19,-8.22,-7.79,-8.97,-8.21,-8.84,-8.28,-8.47,-10.09,-8.15,-10.64
1957048703,Worry,-19.71,-18.71,-19.34,-18.32,-18.09,-19.31,-19.19,-19.12,-18.28,-19.13,-20.94,-20.04,-20.97
1957048870,Sadness,-11.13,-10.39,-11.12,-11.32,-10.64,-11.48,-11.60,-11.34,-11.07,-11.45,-10.95,-10.64,-11.19
1957049167,Sadness,-44.66,-42.52,-43.22,-43.41,-42.95,-43.43,-43.42,-42.87,-44.23,-43.54,-46.98,-43.78,-47.99
1957050633,Sadness,-36.01,-31.19,-35.03,-32.56,-31.74,-32.60,-32.02,-31.56,-32.45,-32.43,-37.54,-34.02,-40.06
1957050684,Worry,-16.37,-13.28,-16.35,-14.33,-13.23,-14.68,-14.59,-15.78,-14.76,-14.31,-17.29,-14.58,-17.44
1957050747,Worry,-7.28,-6.87,-7.04,-7.20,-6.94,-7.43,-7.40,-7.33,-6.94,-7.01,-7.36,-7.54,-7.93
1957050890,Neutral,-41.02,-36.39,-40.51,-36.26,-36.26,-37.60,-36.59,-37.53,-39.49,-37.09,-45.00,-39.45,-46.68
1957051517,Sadness,-29.37,-24.99,-28.72,-27.51,-25.81,-27.40,-27.50,-28.24,-26.38,-28.23,-29.61,-27.71,-29.76
1957052167,Neutral,-9.14,-7.91,-9.30,-7.56,-7.58,-8.02,-7.99,-7.99,-8.48,-7.67,-9.67,-8.35,-10.41
1957052211,Neutral,-42.45,-36.76,-40.52,-36.96,-37.34,-38.84,-38.26,-38.55,-41.10,-37.51,-44.30,-39.06,-47.51
1957052409,Worry,-18.40,-16.02,-17.61,-15.38,-14.99,-16.35,-17.09,-16.81,-16.77,-15.93,-19.12,-16.90,-20.35
1957052932,Worry,-10.36,-8.23,-10.12,-10.17,-8.04,-10.10,-10.04,-9.91,-9.32,-10.32,-10.47,-9.50,-10.41
1957053170,Love,-11.28,-10.92,-11.12,-10.84,-10.81,-10.74,-10.33,-10.57,-11.21,-10.67,-11.35,-10.47,-11.59
1957053247,Worry,-17.25,-15.60,-17.40,-15.57,-15.44,-16.71,-16.80,-16.76,-17.36,-15.88,-17.81,-16.83,-19.22
1957053338,Surprise,-44.70,-42.71,-45.20,-42.68,-42.71,-40.94,-42.53,-41.92,-43.36,-41.90,-49.66,-43.87,-47.87
1957053409,Worry,-10.17,-9.63,-10.23,-9.40,-9.23,-10.58,-10.25,-10.14,-10.03,-9.63,-11.10,-9.13,-10.99
1957053566,Sadness,-19.29,-18.23,-19.94,-18.81,-19.52,-18.43,-19.70,-19.25,-19.80,-19.25,-19.01,-19.08,-19.34
1957055178,Neutral,-25.94,-24.62,-26.40,-23.98,-24.14,-24.70,-25.73,-25.19,-26.59,-24.20,-28.49,-24.73,-28.29
1957055396,Neutral,-12.08,-10.35,-11.36,-10.23,-10.48,-11.25,-10.91,-11.73,-11.57,-10.07,-13.35,-11.04,-13.82
1957055530,Neutral,-29.61,-27.95,-29.43,-27.73,-28.27,-28.08,-28.46,-28.25,-29.11,-27.62,-31.04,-28.46,-32.60
1957055981,Neutral,-12.42,-11.62,-12.46,-11.74,-12.04,-13.24,-12.74,-12.27,-12.14,-12.55,-13.01,-13.37,-14.78
1957056027,Neutral,-5.62,-5.62,-6.22,-5.06,-5.42,-5.77,-6.07,-6.81,-5.83,-5.69,-6.69,-5.63,-6.50
1957056041,Neutral,-24.72,-22.89,-24.45,-21.99,-22.22,-23.49,-23.76,-23.71,-23.45,-23.98,-26.13,-23.64,-25.71
1957056896,Worry,-18.11,-16.71,-17.40,-16.29,-15.74,-16.38,-17.22,-16.94,-17.68,-16.91,-18.41,-17.69,-19.12
1957057026,Sadness,-15.31,-12.76,-15.34,-14.08,-13.07,-14.45,-14.19,-14.55,-14.58,-14.28,-16.65,-14.34,-17.24
1957057469,Worry,-12.75,-11.41,-12.64,-12.03,-11.59,-12.55,-12.35,-12.35,-12.29,-12.25,-13.22,-12.06,-14.38
1957057586,Happiness,-16.51,-14.98,-17.12,-14.81,-14.78,-15.48,-14.17,-15.29,-16.62,-14.14,-17.80,-15.77,-17.66
1957058130,Worry,-11.08,-10.60,-11.72,-10.55,-10.43,-10.24,-10.99,-11.00,-10.61,-11.11,-11.95,-10.36,-11.59
1957058219,Worry,-33.55,-32.25,-33.46,-32.58,-31.59,-32.55,-34.32,-33.25,-32.55,-33.54,-34.05,-33.03,-34.42
1957058436,Worry,-5.78,-4.98,-5.76,-5.02,-4.79,-4.84,-4.95,-5.21,-5.49,-4.75,-6.42,-5.41,-7.63
1957058504,Worry,-40.17,-37.84,-39.75,-36.80,-36.52,-38.34,-38.40,-39.08,-39.83,-37.60,-43.65,-38.97,-46.36
1957059348,Sadness,-7.11,-5.40,-7.14,-6.93,-5.69,-6.58,-7.76,-7.78,-5.72,-7.72,-7.66,-6.89,-7.45
1957059587,Love,-21.70,-18.76,-20.79,-18.41,-18.84,-18.96,-17.82,-19.05,-21.60,-18.46,-24.63,-20.35,-25.57
1957059671,Neutral,-8.46,-7.71,-8.43,-7.49,-7.57,-8.53,-8.41,-7.89,-8.38,-7.61,-9.59,-7.85,-10.03
1957059917,Worry,-34.27,-30.56,-35.56,-32.50,-30.33,-33.50,-34.68,-34.79,-31.23,-34.09,-36.41,-34.44,-37.83
1957060283,Neutral,-35.67,-34.48,-35.20,-32.74,-33.37,-35.34,-34.86,-33.93,-36.20,-32.96,-38.39,-34.19,-39.46
1957060439,Worry,-28.92,-24.83,-29.27,-26.39,-24.92,-26.75,-27.91,-28.14,-27.73,-26.78,-30.78,-27.70,-30.93
1957061418,Worry,-40.33,-36.48,-39.74,-38.23,-35.69,-38.04,-39.40,-39.52,-38.67,-39.48,-42.05,-39.87,-43.68
1957061527,Worry,-7.01,-6.82,-7.74,-7.17,-6.59,-7.03,-7.34,-6.86,-7.54,-7.17,-7.97,-7.24,-7.63
1957061884,Sadness,-6.19,-4.83,-6.77,-6.12,-5.11,-5.89,-6.40,-6.24,-4.87,-6.78,-6.28,-6.39,-6.85
1957062262,Worry,-37.77,-38.53,-38.81,-40.92,-36.12,-39.11,-39.21,-39.42,-37.35,-39.79,-39.05,-38.29,-38.26
1957062621,Worry,-19.38,-17.20,-19.36,-17.73,-17.00,-18.03,-18.38,-17.93,-18.08,-17.71,-19.94,-17.74,-21.93
1957062676,Neutral,-25.24,-23.32,-24.54,-22.52,-22.91,-24.41,-23.81,-23.66,-24.73,-23.04,-28.61,-24.31,-28.80
1957062698,Worry,-14.55,-11.77,-13.46,-12.48,-11.74,-13.33,-12.56,-12.89,-13.90,-12.72,-16.18,-13.47,-17.36
1957062783,Worry,-10.77,-10.59,-10.72,-10.88,-10.72,-10.59,-11.25,-10.70,-11.07,-10.63,-11.35,-10.80,-11.59
1957062827,Worry,-34.57,-30.92,-33.40,-30.63,-30.49,-31.97,-33.25,-31.88,-33.86,-32.35,-36.41,-33.14,-37.05
1957063783,Sadness,-21.00,-18.45,-21.63,-18.83,-18.78,-19.52,-21.07,-20.04,-19.14,-20.07,-21.64,-21.24,-22.40
1957063845,Sadness,-6.11,-5.00,-6.21,-5.50,-5.32,-5.50,-4.95,-5.54,-5.82,-5.29,-6.19,-5.58,-7.45
1957064177,Worry,-26.75,-23.94,-26.96,-25.65,-23.98,-26.82,-27.48,-27.45,-25.31,-28.17,-27.28,-26.55,-27.45
1957064253,Neutral,-31.09,-28.08,-30.25,-27.25,-27.27,-28.45,-28.85,-29.23,-30.87,-28.41,-34.78,-30.79,-36.31
1957064566,Worry,-27.07,-23.45,-26.82,-23.63,-23.07,-24.72,-24.58,-24.45,-25.80,-24.20,-31.06,-26.03,-33.04
1957064575,Worry,-46.65,-40.09,-46.09,-41.77,-39.92,-43.38,-42.87,-44.74,-45.11,-41.49,-52.28,-43.32,-54.35
1957064578,Neutral,-13.44,-12.17,-13.73,-11.84,-11.95,-12.20,-13.00,-12.63,-12.62,-11.93,-13.85,-12.35,-15.08
1957064908,Sadness,-30.26,-27.02,-30.52,-27.60,-27.40,-28.13,-29.15,-28.45,-28.63,-28.40,-32.72,-28.77,-32.47
1957065570,Neutral,-22.44,-20.94,-22.32,-20.17,-20.65,-21.62,-23.01,-21.46,-22.35,-21.91,-22.39,-20.47,-23.48
1957065963,Neutral,-14.19,-13.63,-13.61,-12.85,-13.90,-13.96,-13.73,-13.43,-13.96,-13.46,-14.28,-14.08,-15.08
1957066120,Worry,-12.95,-11.37,-12.11,-11.70,-11.21,-11.45,-12.49,-11.70,-12.05,-11.85,-14.12,-12.90,-14.47
1957066701,Worry,-5.77,-5.09,-5.46,-5.20,-5.13,-5.75,-5.52,-5.44,-5.30,-5.39,-6.89,-5.90,-6.85
1957067386,Sadness,-10.37,-9.16,-10.67,-9.53,-9.58,-9.59,-10.23,-10.20,-9.62,-10.30,-11.05,-9.65,-10.72
1957067779,Worry,-16.02,-13.57,-14.96,-13.62,-12.95,-14.44,-14.19,-14.24,-14.64,-14.03,-18.11,-14.74,-17.39
1957067988,Worry,-9.67,-7.72,-10.28,-8.80,-7.88,-8.78,-9.37,-9.70,-9.35,-9.02,-11.35,-9.06,-11.41
1957068229,Worry,-35.57,-35.99,-36.65,-36.03,-33.94,-36.10,-36.53,-37.09,-35.92,-36.71,-37.90,-35.70,-38.86
1957068585,Neutral,-10.24,-9.45,-10.04,-9.26,-9.36,-9.75,-9.47,-9.44,-10.04,-9.29,-10.95,-10.14,-11.59
1957068880,Sadness,-21.77,-19.77,-21.76,-20.84,-20.61,-19.82,-21.14,-21.53,-20.53,-21.81,-21.85,-21.32,-23.00
1957069453,Worry,-26.52,-23.77,-25.56,-24.45,-23.74,-25.09,-25.08,-25.41,-24.53,-25.61,-28.96,-25.56,-28.77
1957070273,Neutral,-17.40,-18.06,-17.99,-16.01,-17.17,-16.95,-18.21,-17.74,-17.83,-18.03,-18.84,-17.23,-19.34
1957070484,Neutral,-32.82,-32.53,-33.37,-30.76,-30.93,-32.30,-32.06,-31.21,-32.07,-31.60,-33.99,-31.89,-33.99
1957070534,Worry,-4.09,-4.11,-4.11,-4.38,-4.29,-4.31,-4.18,-4.28,-3.74,-4.59,-3.68,-4.25,-3.96
1957070786,Neutral,-44.72,-42.42,-44.93,-41.60,-41.87,-42.97,-45.50,-44.24,-44.02,-43.98,-47.74,-42.86,-48.11
1957070871,Neutral,-49.83,-48.75,-49.56,-47.35,-48.76,-49.02,-50.07,-49.55,-49.84,-49.14,-52.39,-48.75,-52.43
1957071331,Worry,-10.55,-9.24,-10.95,-9.55,-8.78,-9.94,-9.85,-10.56,-10.41,-10.34,-11.65,-10.36,-10.69
1957071583,Neutral,-10.56,-11.36,-10.96,-10.66,-11.20,-10.94,-11.19,-11.01,-10.82,-10.90,-11.05,-11.24,-11.19
1957072308,Worry,-16.29,-14.82,-16.37,-15.93,-14.47,-16.44,-16.26,-15.73,-16.35,-15.68,-17.80,-15.73,-17.26
1957072400,Happiness,-14.39,-14.31,-14.75,-14.79,-14.22,-13.98,-13.83,-14.82,-14.71,-13.80,-14.55,-14.41,-15.55
1957072637,Love,-26.22,-24.35,-25.54,-24.53,-23.72,-24.49,-22.23,-24.49,-26.23,-23.09,-27.84,-24.85,-29.73
1957072682,Worry,-11.25,-9.70,-11.29,-9.67,-9.48,-10.44,-10.01,-10.49,-10.83,-9.70,-12.55,-10.26,-13.82
1957072896,Sadness,-11.33,-9.88,-11.05,-10.44,-10.75,-11.00,-11.37,-10.95,-11.13,-10.79,-11.05,-10.68,-11.59
1957073073,Worry,-6.84,-6.22,-7.01,-6.82,-6.31,-6.51,-6.94,-6.96,-6.17,-7.85,-7.06,-7.17,-7.45
1957073201,Worry,-5.63,-4.33,-5.68,-4.94,-4.43,-5.09,-4.71,-5.17,-5.03,-4.82,-6.28,-5.03,-6.48
1957073668,Happiness,-41.57,-35.68,-38.18,-36.23,-35.95,-37.19,-35.62,-36.60,-38.45,-35.18,-45.44,-38.12,-45.30
1957073753,Worry,-10.07,-9.32,-10.67,-9.81,-9.21,-9.52,-9.87,-10.00,-8.49,-10.45,-10.99,-10.43,-11.59
1957073984,Worry,-3.05,-2.78,-4.11,-3.23,-2.87,-3.20,-3.58,-3.98,-2.66,-3.89,-3.28,-3.65,-3.66
1957074101,Worry,-8.86,-7.63,-8.73,-7.49,-7.47,-7.98,-7.53,-7.89,-8.41,-7.46,-9.57,-8.00,-10.81
1957074214,Worry,-15.23,-13.81,-15.10,-14.31,-13.71,-15.48,-14.85,-14.94,-14.87,-14.31,-16.19,-14.58,-17.44
1957074267,Neutral,-11.08,-9.09,-10.37,-9.23,-9.47,-10.03,-9.81,-9.76,-10.10,-9.89,-11.05,-10.27,-11.29
1957074812,Neutral,-5.62,-5.62,-6.22,-5.06,-5.42,-5.77,-6.07,-6.81,-5.83,-5.69,-6.69,-5.63,-6.50
1957074977,Worry,-17.27,-16.27,-17.74,-15.84,-15.80,-16.65,-16.14,-16.66,-16.73,-16.27,-18.41,-16.23,-18.37
1957075035,Neutral,-13.56,-11.65,-13.45,-11.42,-11.95,-12.54,-11.56,-11.70,-12.65,-11.75,-14.55,-12.19,-14.78
1957075180,Neutral,-8.19,-9.18,-8.22,-8.76,-9.24,-8.63,-8.96,-8.56,-8.44,-8.87,-7.97,-8.49,-7.93
1957075229,Worry,-18.72,-18.63,-18.72,-17.76,-17.65,-18.75,-18.96,-18.55,-19.24,-18.75,-19.61,-18.92,-19.34
1957075268,Worry,-9.98,-8.94,-8.98,-8.44,-8.41,-9.09,-8.51,-8.43,-9.58,-8.37,-10.65,-9.19,-10.51
1957075370,Sadness,-21.33,-19.13,-21.66,-19.55,-19.59,-20.70,-20.61,-20.92,-20.36,-20.45,-22.03,-20.88,-24.21
1957075457,Worry,-29.26,-27.65,-28.69,-26.97,-26.07,-28.19,-28.50,-27.69,-28.37,-27.82,-29.94,-28.26,-29.80
1957075557,Neutral,-12.31,-10.84,-13.03,-10.87,-10.94,-11.56,-11.83,-11.71,-12.09,-11.35,-13.43,-11.64,-14.47
1957076048,Neutral,-10.42,-10.25,-11.42,-10.08,-10.08,-10.43,-11.24,-10.31,-11.46,-10.42,-11.35,-10.64,-11.59
1957076214,Worry,-28.51,-25.01,-27.53,-25.11,-24.28,-25.37,-25.99,-27.06,-26.45,-25.42,-30.13,-26.21,-30.20
1957076433,Neutral,-17.05,-15.59,-16.07,-15.67,-15.66,-15.97,-15.68,-16.49,-17.39,-16.15,-18.11,-16.62,-18.82
1957076450,Neutral,-9.67,-9.63,-9.45,-9.03,-9.34,-9.31,-9.23,-9.63,-9.42,-9.24,-10.43,-9.43,-11.29
1957076577,Worry,-27.05,-24.79,-27.53,-25.00,-24.72,-25.78,-26.13,-25.67,-25.08,-24.81,-29.41,-25.77,-29.25
1957077528,No Words Found,
1957077552,Worry,-11.67,-10.16,-11.70,-10.61,-9.99,-11.14,-10.20,-10.88,-11.38,-10.32,-12.95,-10.91,-13.71
1957077564,Sadness,-28.12,-24.40,-29.32,-25.70,-24.65,-26.75,-26.22,-28.44,-26.54,-26.76,-31.97,-27.97,-34.51
1957077934,Sadness,-17.88,-14.60,-17.27,-15.17,-14.87,-16.14,-16.12,-16.62,-17.22,-15.58,-20.83,-16.44,-20.72
1957078157,Sadness,-16.22,-13.52,-15.52,-14.52,-14.38,-14.44,-13.50,-14.46,-15.41,-14.67,-16.79,-15.28,-17.66
1957078740,Worry,-9.22,-8.20,-10.31,-9.25,-8.26,-9.06,-9.77,-9.72,-8.27,-10.51,-10.27,-9.70,-10.33
1957079130,Worry,-15.77,-13.45,-14.62,-13.24,-12.87,-13.85,-12.87,-13.76,-15.15,-13.11,-17.62,-13.95,-18.74
1957079355,Neutral,-14.57,-13.71,-13.83,-13.14,-13.54,-14.03,-13.55,-12.86,-13.61,-13.64,-14.55,-13.41,-15.38
1957079403,Worry,-21.96,-19.33,-21.45,-19.21,-19.04,-21.00,-20.21,-20.80,-22.09,-19.94,-24.32,-21.29,-25.54
1957079496,Worry,-21.48,-19.98,-20.58,-20.23,-19.95,-20.65,-20.30,-19.56,-20.51,-19.76,-22.39,-20.30,-21.86
1957079533,Hate,-13.64,-12.33,-14.66,-13.41,-12.12,-13.30,-13.42,-13.04,-11.24,-13.64,-14.03,-14.46,-14.78
1957079568,Worry,-6.63,-5.02,-6.16,-5.67,-5.23,-5.99,-5.16,-5.86,-6.43,-5.61,-7.06,-6.18,-7.63
1957079622,Neutral,-6.81,-7.21,-7.14,-6.97,-6.97,-7.43,-7.38,-6.80,-6.82,-7.36,-7.19,-6.82,-7.93
1957079972,Worry,-23.83,-21.80,-24.16,-21.92,-20.88,-22.54,-23.24,-22.05,-22.42,-22.89,-25.62,-22.84,-26.06
1957080150,Worry,-16.19,-14.62,-15.90,-14.57,-14.30,-15.36,-14.95,-15.07,-15.38,-15.48,-17.88,-15.92,-17.66
1957080521,Worry,-19.22,-17.48,-19.50,-17.33,-17.15,-18.04,-18.59,-17.90,-18.44,-17.98,-21.19,-19.24,-22.48
1957080579,Worry,-9.64,-7.71,-9.41,-8.66,-7.41,-8.93,-9.18,-9.67,-8.73,-8.92,-10.33,-9.04,-11.29
1957080963,Worry,-45.81,-44.00,-45.00,-44.53,-42.91,-44.13,-44.78,-43.70,-44.44,-45.00,-45.29,-43.94,-46.56
1957081280,Worry,-19.69,-18.53,-19.59,-18.73,-17.46,-19.10,-20.17,-19.90,-18.82,-19.72,-19.31,-19.56,-19.52
1957081795,Neutral,-24.11,-23.61,-24.41,-22.36,-22.63,-22.11,-25.11,-23.89,-24.62,-23.31,-27.28,-24.58,-25.59
1957082086,Worry,-30.51,-29.04,-30.74,-28.39,-28.34,-29.80,-29.96,-29.48,-30.54,-29.91,-32.43,-29.69,-33.39
1957082503,Worry,-10.36,-9.79,-9.80,-9.67,-9.36,-9.73,-9.71,-9.50,-10.21,-9.85,-11.05,-9.69,-10.94
1957082536,Neutral,-6.23,-6.49,-7.01,-5.57,-6.34,-6.25,-5.64,-6.24,-7.16,-5.84,-7.36,-5.95,-7.63
1957082538,Worry,-10.21,-10.62,-10.74,-10.31,-10.23,-10.30,-10.38,-10.36,-10.04,-10.73,-11.17,-10.48,-10.81
1957082926,Neutral,-6.22,-5.62,-6.04,-5.69,-5.81,-6.03,-5.97,-6.33,-6.13,-5.96,-6.69,-6.48,-6.97
1957082939,Neutral,-21.03,-19.96,-19.86,-19.19,-19.45,-20.98,-20.21,-20.74,-20.45,-19.39,-20.70,-19.59,-23.48
1957083056,Worry,-8.50,-7.75,-9.19,-8.01,-7.75,-8.93,-8.75,-8.76,-8.35,-8.45,-9.72,-8.51,-11.59
1957083084,Love,-37.23,-36.96,-37.37,-36.87,-36.18,-36.99,-35.06,-36.75,-37.97,-35.98,-39.53,-37.35,-39.04
1957083230,Worry,-8.89,-7.96,-8.89,-7.96,-7.59,-8.07,-7.98,-8.31,-8.88,-7.77,-10.20,-8.34,-10.81
1957083616,Sadness,-40.21,-35.31,-39.03,-35.94,-35.67,-38.10,-37.36,-38.48,-38.19,-35.74,-43.23,-36.76,-43.37
1957083641,No Words Found,
1957083786,Sadness,-14.11,-12.53,-14.50,-12.82,-12.85,-14.00,-14.20,-13.98,-14.01,-13.78,-14.73,-13.91,-16.88
1957083910,Worry,-23.08,-22.75,-22.80,-22.58,-22.51,-22.16,-24.03,-22.04,-23.94,-22.73,-23.60,-23.38,-23.48
1957084165,Surprise,-10.53,-10.35,-10.91,-10.09,-10.38,-9.37,-10.28,-10.29,-9.91,-10.71,-11.35,-10.30,-11.41
1957084166,Sadness,-39.49,-33.88,-39.55,-35.54,-34.30,-35.91,-35.98,-38.03,-36.53,-36.43,-43.04,-36.93,-43.30
1957084446,Sadness,-3.05,-2.48,-3.51,-3.25,-2.74,-2.97,-3.30,-3.28,-2.25,-3.74,-3.08,-3.40,-3.49
1957084552,Worry,-5.69,-5.20,-6.01,-5.23,-5.14,-5.23,-5.73,-5.35,-5.79,-5.54,-6.82,-6.01,-6.97
1957084638,Worry,-8.99,-7.79,-9.42,-8.44,-7.68,-9.58,-9.01,-9.28,-8.76,-8.97,-9.67,-8.92,-10.24
1957084742,Worry,-22.06,-20.55,-22.23,-20.54,-19.62,-21.40,-22.09,-20.84,-21.81,-20.97,-23.93,-21.47,-25.63
1957084935,Sadness,-22.27,-18.94,-22.25,-19.19,-19.27,-20.31,-20.46,-20.62,-21.31,-20.15,-24.49,-20.69,-24.99
1957084945,Sadness,-18.82,-16.16,-19.42,-17.39,-16.45,-18.04,-17.51,-17.45,-18.79,-17.87,-20.47,-18.50,-22.34
1957085151,Worry,-12.89,-11.43,-12.79,-11.76,-11.51,-12.06,-12.19,-12.42,-11.29,-12.42,-14.07,-12.52,-14.78
1957085211,Worry,-20.87,-19.11,-21.79,-18.87,-18.39,-21.17,-20.77,-21.11,-20.34,-19.96,-23.68,-20.34,-24.81
1957085406,Neutral,-2.71,-2.33,-2.90,-2.23,-2.31,-2.56,-2.57,-2.53,-2.59,-2.32,-3.51,-2.36,-3.36
1957086137,Love,-22.55,-21.83,-22.73,-21.08,-20.82,-21.78,-20.12,-21.84,-23.59,-20.98,-25.07,-22.62,-26.19
1957086150,Worry,-6.89,-6.52,-7.31,-6.28,-6.26,-6.12,-6.53,-6.63,-6.54,-6.97,-7.97,-7.02,-7.33
1957086168,Worry,-19.13,-16.93,-18.81,-17.04,-16.80,-18.11,-18.00,-18.43,-17.87,-18.14,-21.55,-18.19,-22.05
1957086444,Worry,-23.00,-21.27,-22.45,-21.13,-21.00,-22.73,-21.82,-22.20,-22.55,-21.14,-26.02,-22.61,-27.04
1957086920,Neutral,-27.92,-24.42,-26.26,-23.76,-24.31,-24.68,-25.13,-25.64,-25.48,-25.00,-28.70,-26.60,-29.55
1957087043,Neutral,-28.03,-26.29,-27.67,-26.30,-26.37,-26.09,-27.80,-28.15,-28.68,-26.46,-30.56,-27.25,-31.23
1957087059,Worry,-12.61,-11.72,-12.75,-11.57,-11.13,-12.30,-11.72,-11.90,-12.60,-11.19,-14.01,-11.87,-14.60
